kind,id,text,supporting_text,source_urls,structured_fields,support_review,scope_review,coverage_review,article_status,summary_status,classification,stage_errors,notes
article,AAPL_39f841ae14,The new Mac mini and Mac Studio are available today,"Customers can now shop for Mac mini with M6 and M5 Pro, and Mac Studio with M5 Max and M5 Ultra, at Apple Store locations, online, and in the Apple Store app.",https://www.apple.com/newsroom/2026/09/the-new-mac-mini-and-mac-studio-are-available-today/,,pending,pending,pending,numeric_extraction_failed,needs_manual_review,"{""event_type"": ""availability"", ""category"": ""product"", ""relevant"": true, ""reason"": ""The text explicitly states that customers can now shop for Mac mini with M6 and M5 Pro, and Mac Studio with M5 Max and M5 Ultra, indicating a new product availability."", ""sentiment"": ""neutral"", ""sentiment_reason"": ""Event policy: the source reports routine product introduction or availability; no separate directional development was established."", ""relevance_evidence"": ""Customers can now shop for Mac mini with M6 and M5 Pro, and Mac Studio with M5 Max and M5 Ultra, at Apple Store locations, online, and in the Apple Store app."", ""sentiment_evidence"": null}","[{""call_id"": ""T001"", ""stage"": ""classify"", ""attempt"": 1, ""error"": ""ValueError: sentiment_evidence must be an exact source quote"", ""resolved_by_retry"": true}, {""call_id"": ""T004"", ""stage"": ""extract_numbers"", ""attempt"": 1, ""error"": ""ValueError: measurements[0].metric must be literal in its source span; do not move an owner or value across a comparison boundary. Use null for an unknown owner."", ""resolved_by_retry"": false}, {""call_id"": ""T005"", ""stage"": ""extract_numbers"", ""attempt"": 2, ""error"": ""ValueError: measurements[0].metric must be literal in its source span; do not move an owner or value across a comparison boundary. Use null for an unknown owner."", ""resolved_by_retry"": false}]",
article,AAPL_a9c90e3697,"Apple opens Apple Music Hall, a state-of-the-art live music venue in London","Apple Music Hall, a state-of-the-art live music venue in London’s storied Battersea Power Station, is now open.",https://www.apple.com/newsroom/2026/09/apple-opens-apple-music-hall-a-state-of-the-art-live-music-venue-in-london/,,pending,pending,pending,needs_manual_review,needs_manual_review,"{""event_type"": ""other"", ""category"": ""other"", ""relevant"": true, ""reason"": ""Apple Music Hall, a state-of-the-art live music venue in London’s storied Battersea Power Station, is now open."", ""sentiment"": ""neutral"", ""sentiment_reason"": ""The text describes the opening of a new venue without any explicit positive or negative development related to Apple's financial performance or stock price."", ""relevance_evidence"": ""Apple Music Hall, a state-of-the-art live music venue in London’s storied Battersea Power Station, is now open."", ""sentiment_evidence"": null}","[{""call_id"": ""T006"", ""stage"": ""classify"", ""attempt"": 1, ""error"": ""ValueError: sentiment_evidence must be an exact source quote"", ""resolved_by_retry"": true}]",
article,AAPL_a7f18f79cb,"The latest iPhone, Apple Watch, and AirPods lineups arrive in stores worldwide","On Friday, September 18, Apple Store locations around the world introduced customers to the iPhone 18 Pro lineup, Apple Watch Series 12, Apple Watch Ultra 4, and AirPods 5.",https://www.apple.com/newsroom/2026/09/the-latest-iphone-apple-watch-and-airpods-lineups-arrive-in-stores-worldwide/,,pending,pending,pending,numeric_extraction_failed,needs_manual_review,"{""event_type"": ""availability"", ""category"": ""product"", ""relevant"": true, ""reason"": ""The text explicitly mentions the introduction of new product lines including the iPhone 18 Pro, Apple Watch Series 12, Apple Watch Ultra 4, and AirPods 5 at Apple Store locations worldwide."", ""sentiment"": ""neutral"", ""sentiment_reason"": ""Event policy: the source reports routine product introduction or availability; no separate directional development was established."", ""relevance_evidence"": ""On Friday, September 18, Apple Store locations around the world introduced customers to the iPhone 18 Pro lineup, Apple Watch Series 12, Apple Watch Ultra 4, and AirPods 5."", ""sentiment_evidence"": null}","[{""call_id"": ""T010"", ""stage"": ""classify"", ""attempt"": 1, ""error"": ""ValueError: event_type=showcase lacks source event evidence"", ""resolved_by_retry"": true}, {""call_id"": ""T013"", ""stage"": ""extract_numbers"", ""attempt"": 1, ""error"": ""ValueError: measurements[0].metric must be literal in its source span; do not move an owner or value across a comparison boundary. Use null for an unknown owner."", ""resolved_by_retry"": false}, {""call_id"": ""T014"", ""stage"": ""extract_numbers"", ""attempt"": 2, ""error"": ""ValueError: measurements[0].metric must be literal in its source span; do not move an owner or value across a comparison boundary. Use null for an unknown owner."", ""resolved_by_retry"": false}]",
article,AAPL_4f987aa847,Celebrating “What Holds Us” on iPhone 18 Pro,"A new photography exhibition, curated by Kathy Ryan, celebrates the evolving language of visual storytelling and showcases the advanced pro camera system on iPhone 18 Pro.",https://www.apple.com/newsroom/2026/09/celebrating-what-holds-us-on-iphone-18-pro/,,pending,pending,pending,classification_failed,not_run,null,"[{""call_id"": ""T015"", ""stage"": ""classify"", ""attempt"": 1, ""error"": ""ValueError: sentiment_evidence must be an exact source quote"", ""resolved_by_retry"": false}, {""call_id"": ""T016"", ""stage"": ""classify"", ""attempt"": 2, ""error"": ""ValueError: relevance_evidence must ground the target event"", ""resolved_by_retry"": false}]",
article,AAPL_b6fb9a66d5,Widow’s Bay triumphs as most decorated freshman comedy in Emmy history,"This evening at the 78th Primetime Emmy Awards, Apple TV shatters records to become the most-awarded network of the year, landing 29 wins overall.",https://www.apple.com/newsroom/2026/09/widows-bay-triumphs-as-most-decorated-freshman-comedy-in-emmy-history/,,pending,pending,pending,needs_manual_review,needs_manual_review,"{""event_type"": ""other"", ""category"": ""other"", ""relevant"": true, ""reason"": ""Apple TV shatters records to become the most-awarded network of the year, landing 29 wins overall."", ""sentiment"": ""positive"", ""sentiment_reason"": ""The text indicates a significant achievement for Apple TV, as it becomes the most-awarded network of the year with 29 wins."", ""relevance_evidence"": ""This evening at the 78th Primetime Emmy Awards, Apple TV shatters records to become the most-awarded network of the year, landing 29 wins overall."", ""sentiment_evidence"": ""This evening at the 78th Primetime Emmy Awards, Apple TV shatters records to become the most-awarded network of the year, landing 29 wins overall.""}","[{""call_id"": ""T017"", ""stage"": ""classify"", ""attempt"": 1, ""error"": ""ValueError: sentiment_evidence must be an exact source quote"", ""resolved_by_retry"": true}]",
claim,AAPL_39f841ae14_C1,"Customers can now shop for Mac mini with M6 and M5 Pro, and Mac Studio with M5 Max and M5 Ultra, at Apple Store locations, online, and in the Apple Store app.","Customers can now shop for Mac mini with M6 and M5 Pro, and Mac Studio with M5 Max and M5 Ultra, at Apple Store locations, online, and in the Apple Store app.",https://www.apple.com/newsroom/2026/09/the-new-mac-mini-and-mac-studio-are-available-today/,"{""company"": null, ""metric"": null, ""value"": null, ""unit"": null, ""event_date"": null, ""period"": null}",pending,pending,pending,,,,,
claim,AAPL_a9c90e3697_C1,"Apple Music Hall, a state-of-the-art live music venue in London’s storied Battersea Power Station, is now open.","Apple Music Hall, a state-of-the-art live music venue in London’s storied Battersea Power Station, is now open.",https://www.apple.com/newsroom/2026/09/apple-opens-apple-music-hall-a-state-of-the-art-live-music-venue-in-london/,"{""company"": null, ""metric"": null, ""value"": null, ""unit"": null, ""event_date"": null, ""period"": null}",pending,pending,pending,,,,,
claim,AAPL_a7f18f79cb_C1,"On Friday, September 18, Apple Store locations around the world introduced customers to the iPhone 18 Pro lineup, Apple Watch Series 12, Apple Watch Ultra 4, and AirPods 5.","On Friday, September 18, Apple Store locations around the world introduced customers to the iPhone 18 Pro lineup, Apple Watch Series 12, Apple Watch Ultra 4, and AirPods 5.",https://www.apple.com/newsroom/2026/09/the-latest-iphone-apple-watch-and-airpods-lineups-arrive-in-stores-worldwide/,"{""company"": null, ""metric"": null, ""value"": null, ""unit"": null, ""event_date"": null, ""period"": null}",pending,pending,pending,,,,,
claim,AAPL_b6fb9a66d5_C1,"This evening at the 78th Primetime Emmy Awards, Apple TV shatters records to become the most-awarded network of the year, landing 29 wins overall.","This evening at the 78th Primetime Emmy Awards, Apple TV shatters records to become the most-awarded network of the year, landing 29 wins overall.",https://www.apple.com/newsroom/2026/09/widows-bay-triumphs-as-most-decorated-freshman-comedy-in-emmy-history/,"{""company"": ""Apple TV"", ""metric"": ""wins"", ""value"": ""29"", ""unit"": ""wins"", ""event_date"": null, ""period"": null}",pending,pending,pending,,,,,
summary,bullet_1,"Apple Newsroom: Customers can now shop for Mac mini with M6 and M5 Pro, and Mac Studio with M5 Max and M5 Ultra, at Apple Store locations, online, and in the Apple Store app.","[""AAPL_39f841ae14_C1""]","[""https://www.apple.com/newsroom/2026/09/the-new-mac-mini-and-mac-studio-are-available-today/""]",,pending,pending,pending,,,,,
summary,bullet_2,"Apple Newsroom: Apple Music Hall, a state-of-the-art live music venue in London’s storied Battersea Power Station, is now open.","[""AAPL_a9c90e3697_C1""]","[""https://www.apple.com/newsroom/2026/09/apple-opens-apple-music-hall-a-state-of-the-art-live-music-venue-in-london/""]",,pending,pending,pending,,,,,
summary,bullet_3,"Apple Newsroom: Apple Store locations worldwide introduced the iPhone 18 Pro, Apple Watch Series 12, Apple Watch Ultra 4, and AirPods 5 on Friday, September 18.","[""AAPL_a7f18f79cb_C1""]","[""https://www.apple.com/newsroom/2026/09/the-latest-iphone-apple-watch-and-airpods-lineups-arrive-in-stores-worldwide/""]",,pending,pending,pending,,,,,
summary,bullet_4,"Apple Newsroom: Apple TV shatters records to become the most-awarded network of the year, landing 29 wins overall.","[""AAPL_b6fb9a66d5_C1""]","[""https://www.apple.com/newsroom/2026/09/widows-bay-triumphs-as-most-decorated-freshman-comedy-in-emmy-history/""]",,pending,pending,pending,,,,,
